model,block,timestep_fraction,latent_idx,frequency,mean_concentration,rank,is_top32
PixArt,transformer_blocks.12,0.0,1236,65,0.6423471868038177,1,True
PixArt,transformer_blocks.12,0.0,1588,38,0.6704751598207574,2,True
PixArt,transformer_blocks.12,0.0,3539,14,0.6682440638542175,3,True
PixArt,transformer_blocks.12,0.0,1062,9,0.652930799457762,4,True
PixArt,transformer_blocks.12,0.0,616,3,0.6656768023967743,5,True
PixArt,transformer_blocks.16,0.0,890,43,0.6582733732323314,1,True
PixArt,transformer_blocks.16,0.0,88,35,0.6869405210018158,2,True
PixArt,transformer_blocks.16,0.0,665,24,0.6725260950624943,3,True
PixArt,transformer_blocks.16,0.0,1314,16,0.6753120124340057,4,True
PixArt,transformer_blocks.16,0.0,1782,7,0.6556926071643829,5,True
PixArt,transformer_blocks.16,0.0,3693,4,0.6558528542518616,6,True
PixArt,transformer_blocks.20,0.0,1599,112,0.6502499713429383,1,True
PixArt,transformer_blocks.20,0.0,1442,14,0.6754454970359802,2,True
PixArt,transformer_blocks.20,0.0,126,3,0.6632342338562012,3,True
PixArt,transformer_blocks.4,0.0,3793,129,0.6720892200174258,1,True
PixArt,transformer_blocks.8,0.0,649,111,0.6598963804610141,1,True
PixArt,transformer_blocks.8,0.0,382,18,0.6593150364028083,2,True
SD3,transformer_blocks.12,0.0,709,71,0.6965256933595093,1,True
SD3,transformer_blocks.12,0.0,4090,37,0.6644785742501955,2,True
SD3,transformer_blocks.12,0.0,388,12,0.7051287492116293,3,True
SD3,transformer_blocks.12,0.0,111,2,0.6637689173221588,4,True
SD3,transformer_blocks.12,0.0,2932,2,0.6608105152845383,5,True
SD3,transformer_blocks.12,0.0,3438,2,0.6537063121795654,6,True
SD3,transformer_blocks.12,0.0,2461,1,0.7187588810920715,7,True
SD3,transformer_blocks.12,0.0,54,1,0.7058290541172028,8,True
SD3,transformer_blocks.12,0.5,3926,36,0.6737222746014595,1,True
SD3,transformer_blocks.12,0.5,2891,33,0.6888949275016785,2,True
SD3,transformer_blocks.12,0.5,2734,6,0.6390674064556757,3,True
SD3,transformer_blocks.12,0.5,2654,6,0.6301491061846415,4,True
SD3,transformer_blocks.12,0.5,3011,6,0.6135932008425394,5,True
SD3,transformer_blocks.12,0.5,3168,5,0.6982264757156372,6,True
SD3,transformer_blocks.12,0.5,709,4,0.6962994262576103,7,True
SD3,transformer_blocks.12,0.5,956,4,0.6819435209035873,8,True
SD3,transformer_blocks.12,0.5,937,4,0.6529959067702293,9,True
SD3,transformer_blocks.12,0.5,3438,4,0.6375687569379807,10,True
SD3,transformer_blocks.12,0.5,3955,3,0.6831023494402567,11,True
SD3,transformer_blocks.12,0.5,690,3,0.6601996421813965,12,True
SD3,transformer_blocks.12,0.5,907,3,0.641692449649175,13,True
SD3,transformer_blocks.12,0.5,1937,2,0.6927437335252762,14,True
SD3,transformer_blocks.12,0.5,1256,1,0.7402492463588715,15,True
SD3,transformer_blocks.12,0.5,3116,1,0.7165246307849884,16,True
SD3,transformer_blocks.12,0.5,1684,1,0.7139666378498077,17,True
SD3,transformer_blocks.12,0.5,1718,1,0.7103555798530579,18,True
SD3,transformer_blocks.12,0.5,3028,1,0.6755833923816681,19,True
SD3,transformer_blocks.12,0.5,2673,1,0.6573034226894379,20,True
SD3,transformer_blocks.12,0.5,3977,1,0.6543881297111511,21,True
SD3,transformer_blocks.12,0.5,814,1,0.6512731313705444,22,True
SD3,transformer_blocks.12,0.5,3100,1,0.6372010707855225,23,True
SD3,transformer_blocks.12,1.0,3168,62,0.6781927549069927,1,True
SD3,transformer_blocks.12,1.0,1646,18,0.6747472219996982,2,True
SD3,transformer_blocks.12,1.0,2734,18,0.6514282590813107,3,True
SD3,transformer_blocks.12,1.0,709,11,0.6942755877971649,4,True
SD3,transformer_blocks.12,1.0,1470,9,0.6386699080467224,5,True
SD3,transformer_blocks.12,1.0,1468,6,0.6775254408518473,6,True
SD3,transformer_blocks.12,1.0,2929,3,0.6836380958557129,7,True
SD3,transformer_blocks.12,1.0,3614,1,0.6656636595726013,8,True
SD3,transformer_blocks.16,0.0,860,128,0.6921350467018783,1,True
SD3,transformer_blocks.16,0.5,3657,39,0.67721154827338,1,True
SD3,transformer_blocks.16,0.5,577,23,0.6769025610840839,2,True
SD3,transformer_blocks.16,0.5,3566,13,0.7060688871603745,3,True
SD3,transformer_blocks.16,0.5,72,8,0.6493583433330059,4,True
SD3,transformer_blocks.16,0.5,3116,7,0.6782333127089909,5,True
SD3,transformer_blocks.16,0.5,1583,6,0.6637564599514008,6,True
SD3,transformer_blocks.16,0.5,661,4,0.7268887236714363,7,True
SD3,transformer_blocks.16,0.5,1620,4,0.6522271633148193,8,True
SD3,transformer_blocks.16,0.5,2516,3,0.6948725879192352,9,True
SD3,transformer_blocks.16,0.5,2893,3,0.6799290875593821,10,True
SD3,transformer_blocks.16,0.5,3753,3,0.6326661507288615,11,True
SD3,transformer_blocks.16,0.5,1030,2,0.7230911254882812,12,True
SD3,transformer_blocks.16,0.5,1194,2,0.6735106110572815,13,True
SD3,transformer_blocks.16,0.5,997,2,0.6573774218559265,14,True
SD3,transformer_blocks.16,0.5,418,1,0.6959585845470428,15,True
SD3,transformer_blocks.16,0.5,2452,1,0.6829941272735596,16,True
SD3,transformer_blocks.16,0.5,3370,1,0.6813753843307495,17,True
SD3,transformer_blocks.16,0.5,2990,1,0.6732573211193085,18,True
SD3,transformer_blocks.16,0.5,2475,1,0.6703781187534332,19,True
SD3,transformer_blocks.16,0.5,2425,1,0.6686905026435852,20,True
SD3,transformer_blocks.16,0.5,4083,1,0.6637171506881714,21,True
SD3,transformer_blocks.16,0.5,4026,1,0.6626086235046387,22,True
SD3,transformer_blocks.16,0.5,3896,1,0.6456305086612701,23,True
SD3,transformer_blocks.16,1.0,1194,67,0.6778596826453707,1,True
SD3,transformer_blocks.16,1.0,661,58,0.6730056389652449,2,True
SD3,transformer_blocks.16,1.0,2182,2,0.6597698032855988,3,True
SD3,transformer_blocks.16,1.0,1204,1,0.6678278148174286,4,True
SD3,transformer_blocks.20,0.0,1039,89,0.6827788563926568,1,True
SD3,transformer_blocks.20,0.0,3221,16,0.6598962862044573,2,True
SD3,transformer_blocks.20,0.0,3280,8,0.6738239452242851,3,True
SD3,transformer_blocks.20,0.0,2946,6,0.6996102631092072,4,True
SD3,transformer_blocks.20,0.0,2428,5,0.6656047642230988,5,True
SD3,transformer_blocks.20,0.0,805,3,0.6703789631525675,6,True
SD3,transformer_blocks.20,0.0,1101,1,0.6820285022258759,7,True
SD3,transformer_blocks.20,0.5,850,17,0.678702769910588,1,True
SD3,transformer_blocks.20,0.5,325,13,0.6641711638523982,2,True
SD3,transformer_blocks.20,0.5,2428,11,0.6722850068048998,3,True
SD3,transformer_blocks.20,0.5,3601,10,0.6856939285993576,4,True
SD3,transformer_blocks.20,0.5,1127,9,0.6274585558308495,5,True
SD3,transformer_blocks.20,0.5,1105,8,0.6876786053180695,6,True
SD3,transformer_blocks.20,0.5,3454,7,0.6448959069592612,7,True
SD3,transformer_blocks.20,0.5,798,6,0.6629875600337982,8,True
SD3,transformer_blocks.20,0.5,2216,5,0.7317050009965896,9,True
SD3,transformer_blocks.20,0.5,2799,5,0.6653520226478576,10,True
SD3,transformer_blocks.20,0.5,3876,5,0.6651888728141785,11,True
SD3,transformer_blocks.20,0.5,2937,5,0.6490503430366517,12,True
SD3,transformer_blocks.20,0.5,3717,5,0.6437365591526032,13,True
SD3,transformer_blocks.20,0.5,3723,3,0.672664612531662,14,True
SD3,transformer_blocks.20,0.5,3221,3,0.6553552746772766,15,True
SD3,transformer_blocks.20,0.5,1101,2,0.7004939466714859,16,True
SD3,transformer_blocks.20,0.5,322,2,0.691023513674736,17,True
SD3,transformer_blocks.20,0.5,487,2,0.6777655929327011,18,True
SD3,transformer_blocks.20,0.5,1489,2,0.6752376705408096,19,True
SD3,transformer_blocks.20,0.5,345,2,0.6672575920820236,20,True
SD3,transformer_blocks.20,0.5,3051,2,0.659350261092186,21,True
SD3,transformer_blocks.20,0.5,1197,2,0.6443712562322617,22,True
SD3,transformer_blocks.20,0.5,3882,1,0.6826995015144348,23,True
SD3,transformer_blocks.20,0.5,2290,1,0.6516616940498352,24,True
SD3,transformer_blocks.20,1.0,492,34,0.6914527468821582,1,True
SD3,transformer_blocks.20,1.0,3968,32,0.6893702549859881,2,True
SD3,transformer_blocks.20,1.0,805,15,0.6684964597225189,3,True
SD3,transformer_blocks.20,1.0,1636,14,0.6769012787512371,4,True
SD3,transformer_blocks.20,1.0,1615,13,0.6831796283905323,5,True
SD3,transformer_blocks.20,1.0,1105,6,0.6688104520241419,6,True
SD3,transformer_blocks.20,1.0,2139,3,0.6707410415013632,7,True
SD3,transformer_blocks.20,1.0,3884,3,0.6636765599250793,8,True
SD3,transformer_blocks.20,1.0,2588,2,0.7036544680595398,9,True
SD3,transformer_blocks.20,1.0,2311,2,0.683929055929184,10,True
SD3,transformer_blocks.20,1.0,337,1,0.6754231452941895,11,True
SD3,transformer_blocks.20,1.0,3804,1,0.6618457734584808,12,True
SD3,transformer_blocks.20,1.0,3051,1,0.6563338339328766,13,True
SD3,transformer_blocks.20,1.0,2730,1,0.6384660005569458,14,True
SD3,transformer_blocks.4,0.0,2402,129,0.6787417773590532,1,True
SD3,transformer_blocks.4,0.5,2402,119,0.6767521533144623,1,True
SD3,transformer_blocks.4,0.5,3259,5,0.6679669797420502,2,True
SD3,transformer_blocks.4,0.5,2482,4,0.6885438486933708,3,True
SD3,transformer_blocks.4,1.0,2402,40,0.680472506582737,1,True
SD3,transformer_blocks.4,1.0,116,21,0.6519442754132407,2,True
SD3,transformer_blocks.4,1.0,14,13,0.6670388075021597,3,True
SD3,transformer_blocks.4,1.0,2329,9,0.6525827513800727,4,True
SD3,transformer_blocks.4,1.0,3598,7,0.7077707435403552,5,True
SD3,transformer_blocks.4,1.0,1577,7,0.6748380703585488,6,True
SD3,transformer_blocks.4,1.0,986,5,0.6587919473648072,7,True
SD3,transformer_blocks.4,1.0,3259,3,0.6659967998663584,8,True
SD3,transformer_blocks.4,1.0,737,3,0.6649878621101379,9,True
SD3,transformer_blocks.4,1.0,2482,2,0.697671189904213,10,True
SD3,transformer_blocks.4,1.0,2893,2,0.6846977025270462,11,True
SD3,transformer_blocks.4,1.0,2478,2,0.6762706637382507,12,True
SD3,transformer_blocks.4,1.0,1339,2,0.6759752631187439,13,True
SD3,transformer_blocks.4,1.0,1955,2,0.6677233427762985,14,True
SD3,transformer_blocks.4,1.0,3982,1,0.6871325373649597,15,True
SD3,transformer_blocks.4,1.0,1430,1,0.6804706454277039,16,True
SD3,transformer_blocks.4,1.0,3860,1,0.6801930367946625,17,True
SD3,transformer_blocks.4,1.0,1096,1,0.6775279939174652,18,True
SD3,transformer_blocks.4,1.0,317,1,0.6740768849849701,19,True
SD3,transformer_blocks.4,1.0,24,1,0.6688034534454346,20,True
SD3,transformer_blocks.4,1.0,3708,1,0.6667245030403137,21,True
SD3,transformer_blocks.4,1.0,856,1,0.6599583923816681,22,True
SD3,transformer_blocks.4,1.0,2530,1,0.657946914434433,23,True
SD3,transformer_blocks.4,1.0,2425,1,0.6546819508075714,24,True
SD3,transformer_blocks.8,0.0,3823,126,0.7051333865476033,1,True
SD3,transformer_blocks.8,0.0,1739,2,0.7066776007413864,2,True
SD3,transformer_blocks.8,0.5,352,25,0.6369096648693084,1,True
SD3,transformer_blocks.8,0.5,2985,14,0.6854340604373387,2,True
SD3,transformer_blocks.8,0.5,3276,11,0.6302689584818754,3,True
SD3,transformer_blocks.8,0.5,1175,8,0.6602323688566685,4,True
SD3,transformer_blocks.8,0.5,1620,7,0.6889482821737017,5,True
SD3,transformer_blocks.8,0.5,2500,5,0.7280889332294465,6,True
SD3,transformer_blocks.8,0.5,2581,5,0.6682555377483368,7,True
SD3,transformer_blocks.8,0.5,3913,4,0.652251347899437,8,True
SD3,transformer_blocks.8,0.5,3752,3,0.6929836372534434,9,True
SD3,transformer_blocks.8,0.5,2614,3,0.681495596965154,10,True
SD3,transformer_blocks.8,0.5,1548,3,0.6737082302570343,11,True
SD3,transformer_blocks.8,0.5,3098,3,0.6725636720657349,12,True
SD3,transformer_blocks.8,0.5,4018,3,0.6367873152097067,13,True
SD3,transformer_blocks.8,0.5,3943,2,0.715106874704361,14,True
SD3,transformer_blocks.8,0.5,3442,2,0.7036228775978088,15,True
SD3,transformer_blocks.8,0.5,2593,2,0.7017434984445572,16,True
SD3,transformer_blocks.8,0.5,2233,2,0.7003354579210281,17,True
SD3,transformer_blocks.8,0.5,122,2,0.6874178797006607,18,True
SD3,transformer_blocks.8,0.5,2555,2,0.6853503882884979,19,True
SD3,transformer_blocks.8,0.5,1751,2,0.6624581664800644,20,True
SD3,transformer_blocks.8,0.5,2627,2,0.659677654504776,21,True
SD3,transformer_blocks.8,0.5,3612,2,0.6520495414733887,22,True
SD3,transformer_blocks.8,0.5,1439,2,0.6513698101043701,23,True
SD3,transformer_blocks.8,0.5,2524,1,0.712272584438324,24,True
SD3,transformer_blocks.8,0.5,1739,1,0.7024554312229156,25,True
SD3,transformer_blocks.8,0.5,3323,1,0.7019681930541992,26,True
SD3,transformer_blocks.8,0.5,782,1,0.6968023777008057,27,True
SD3,transformer_blocks.8,0.5,4078,1,0.6833925247192383,28,True
SD3,transformer_blocks.8,0.5,2014,1,0.6812417805194855,29,True
SD3,transformer_blocks.8,0.5,294,1,0.6771476566791534,30,True
SD3,transformer_blocks.8,0.5,1066,1,0.6685203909873962,31,True
SD3,transformer_blocks.8,0.5,589,1,0.6619369387626648,32,True
SD3,transformer_blocks.8,0.5,3659,1,0.6572915613651276,33,False
SD3,transformer_blocks.8,0.5,2890,1,0.6453835666179657,34,False
SD3,transformer_blocks.8,0.5,2186,1,0.6374907493591309,35,False
SD3,transformer_blocks.8,0.5,732,1,0.6252009272575378,36,False
SD3,transformer_blocks.8,0.5,935,1,0.612520843744278,37,False
SD3,transformer_blocks.8,1.0,2593,75,0.6808641803264618,1,True
SD3,transformer_blocks.8,1.0,79,27,0.6880000829696655,2,True
SD3,transformer_blocks.8,1.0,1345,15,0.6748210926850636,3,True
SD3,transformer_blocks.8,1.0,1066,7,0.6574556486947196,4,True
SD3,transformer_blocks.8,1.0,2555,2,0.6649740487337112,5,True
SD3,transformer_blocks.8,1.0,981,1,0.6382744908332825,6,True
SD3,transformer_blocks.8,1.0,4018,1,0.5928367376327515,7,True
